,spotId,cellCount
1,X102x50,12
2,X19x59,13
3,X94x14,8
4,X9x43,12
5,X13x47,19
6,X0x62,3
7,X97x61,15
8,X28x42,4
9,X42x52,8
10,X83x65,15
11,X4x58,4
12,X79x35,13
13,X91x65,11
14,X59x67,5
15,X70x66,11
16,X113x23,5
17,X67x45,16
2474,X12x64,10
18,X19x45,5
19,X105x71,13
20,X54x62,6
21,X55x55,7
22,X62x24,10
23,X27x51,13
24,X94x44,12
25,X96x42,13
26,X88x14,13
2475,X115x31,10
27,X69x47,10
28,X106x36,9
29,X79x53,14
30,X87x65,14
31,X5x57,5
32,X56x44,10
33,X101x53,14
34,X111x21,10
35,X17x49,13
36,X51x33,6
37,X58x34,9
38,X86x14,9
39,X94x26,11
2476,X115x35,10
2477,X31x55,10
40,X33x47,10
41,X42x28,9
42,X93x51,12
43,X21x45,9
44,X31x29,10
45,X113x49,15
46,X99x27,16
47,X113x17,15
48,X52x64,7
2478,X24x36,10
2479,X14x56,10
49,X113x57,11
50,X96x40,15
51,X70x24,8
52,X92x46,14
53,X82x62,11
54,X68x54,14
55,X92x16,9
56,X8x58,6
57,X73x53,12
58,X76x24,11
59,X104x20,10
60,X65x23,9
61,X94x54,15
62,X92x50,15
63,X39x47,11
64,X42x48,5
65,X40x24,5
66,X109x73,10
67,X74x36,13
68,X113x47,17
69,X61x55,11
70,X44x38,12
71,X92x60,13
72,X92x12,4
73,X93x35,15
74,X41x53,8
75,X66x20,8
2480,X27x29,10
76,X114x68,3
2481,X6x62,10
77,X54x60,13
78,X68x36,8
79,X77x35,13
2482,X29x39,10
80,X80x36,16
81,X109x59,8
82,X39x59,19
83,X90x26,12
84,X73x59,11
85,X69x53,8
86,X107x49,16
87,X73x67,7
88,X35x57,5
89,X68x50,12
90,X73x35,16
91,X81x57,13
92,X48x28,9
93,X109x39,6
94,X87x27,11
95,X38x24,3
96,X46x30,6
2483,X21x63,10
97,X92x26,14
2484,X26x60,10
98,X1x59,11
99,X81x25,12
100,X92x44,12
101,X31x33,4
102,X101x45,13
103,X3x39,10
104,X25x41,5
105,X48x62,8
106,X104x44,15
2485,X27x49,10
107,X80x52,13
108,X85x57,14
109,X104x18,12
110,X34x46,7
111,X106x66,13
112,X70x68,15
113,X30x36,7
114,X38x52,3
115,X100x74,8
2486,X46x52,10
116,X86x48,14
117,X111x19,9
118,X57x57,10
119,X2x46,9
120,X109x49,13
121,X101x27,14
2487,X22x36,10
122,X98x54,17
123,X79x39,12
2488,X114x42,10
124,X109x71,9
125,X83x67,9
126,X16x52,13
127,X110x26,9
128,X10x38,8
129,X92x32,13
130,X15x51,9
131,X30x48,5
132,X78x44,14
133,X47x23,8
134,X93x23,8
135,X101x25,19
136,X59x25,4
137,X97x19,12
138,X27x55,10
139,X108x68,13
140,X50x40,8
141,X66x58,14
142,X5x59,9
143,X63x51,7
144,X91x23,13
2489,X9x63,10
145,X58x66,9
146,X76x66,9
147,X63x49,8
148,X83x45,17
149,X102x64,14
150,X91x13,10
2490,X16x64,10
151,X4x46,19
152,X97x63,14
153,X82x50,9
154,X84x44,16
155,X72x32,7
2491,X26x30,10
156,X75x49,12
157,X37x29,8
158,X87x61,11
159,X76x44,13
2492,X20x42,10
160,X32x36,4
161,X31x57,7
162,X97x51,13
163,X82x28,13
164,X56x24,6
165,X90x44,15
166,X16x60,4
167,X50x24,10
168,X43x25,9
169,X111x41,11
170,X71x31,12
171,X71x27,8
172,X110x58,14
173,X48x52,6
174,X24x52,13
175,X99x59,11
176,X95x69,13
177,X87x53,8
178,X39x51,4
179,X14x46,8
180,X9x59,4
181,X63x21,9
182,X57x55,8
183,X102x42,18
184,X62x42,13
185,X37x41,7
186,X81x45,13
2493,X104x40,10
187,X61x51,12
188,X99x73,12
189,X115x17,22
190,X110x20,12
191,X97x65,15
192,X49x53,11
193,X106x70,11
194,X78x56,10
195,X54x30,7
196,X107x41,9
197,X76x48,17
198,X4x38,3
199,X94x48,15
200,X56x38,7
201,X12x44,13
202,X42x42,11
203,X86x30,13
204,X37x37,7
205,X100x60,14
206,X65x57,5
207,X100x38,16
208,X48x42,12
209,X54x58,4
210,X40x56,14
211,X99x69,9
212,X84x48,20
2494,X115x21,10
2495,X11x57,10
213,X67x61,6
214,X66x28,12
215,X79x71,11
216,X92x36,14
217,X79x51,8
218,X106x44,15
219,X98x46,16
220,X15x59,4
2496,X5x63,10
221,X30x50,6
222,X30x32,5
223,X113x41,16
224,X58x68,20
225,X107x55,14
226,X112x34,3
2497,X18x46,10
2498,X24x32,10
227,X93x71,11
228,X18x50,11
2499,X13x57,10
2500,X104x28,10
229,X80x22,14
230,X63x25,8
2501,X102x36,10
231,X43x37,6
232,X47x63,6
233,X109x25,6
234,X102x56,15
235,X61x33,12
236,X73x17,12
237,X102x72,13
238,X71x43,11
239,X59x49,11
240,X31x41,3
241,X62x34,11
242,X100x28,9
2502,X13x39,10
243,X101x73,8
244,X75x61,10
245,X108x18,14
246,X79x57,11
247,X60x52,10
248,X55x53,9
249,X77x49,13
250,X11x61,3
251,X25x47,3
252,X97x71,13
253,X67x33,12
254,X72x70,6
255,X97x41,19
256,X6x44,15
257,X4x52,17
258,X63x17,3
259,X69x41,10
260,X39x39,5
261,X113x33,16
262,X44x60,10
263,X95x65,17
2503,X17x63,10
264,X41x25,8
265,X56x60,12
266,X104x50,9
267,X105x13,13
268,X108x38,4
269,X113x53,14
270,X41x59,16
271,X86x60,13
272,X69x25,10
273,X17x47,4
274,X104x32,8
275,X69x57,12
276,X70x48,16
277,X90x70,10
278,X111x67,15
279,X23x49,7
280,X78x36,11
281,X78x42,11
282,X97x69,11
283,X70x36,11
284,X93x57,8
285,X83x47,13
286,X70x16,10
287,X9x53,11
288,X78x30,11
289,X39x27,6
290,X55x33,13
291,X64x30,13
292,X78x58,11
293,X90x36,14
294,X52x38,12
295,X90x46,10
296,X81x51,11
2504,X3x57,10
297,X85x61,15
298,X75x27,12
299,X72x42,5
300,X49x29,7
301,X10x44,11
302,X108x52,13
2505,X106x32,10
303,X62x28,10
2506,X11x39,10
304,X13x61,5
305,X9x61,3
306,X73x27,14
307,X88x38,16
308,X14x52,13
2507,X44x42,10
309,X78x64,7
310,X28x48,7
2508,X108x12,10
311,X98x32,13
312,X9x51,11
313,X65x49,10
314,X56x26,9
315,X111x51,13
316,X17x41,9
317,X97x49,11
2509,X33x53,10
318,X46x28,6
319,X88x26,8
320,X34x58,13
321,X18x40,10
322,X112x58,14
323,X101x51,3
324,X106x48,12
325,X44x32,6
326,X110x64,15
327,X38x40,3
328,X82x46,16
329,X72x64,11
330,X97x21,11
331,X75x29,10
332,X55x21,9
333,X98x14,14
2510,X106x34,10
334,X24x58,4
335,X6x48,19
336,X54x36,11
337,X13x53,11
338,X72x60,12
339,X93x41,4
2511,X20x56,10
340,X65x27,10
341,X81x53,10
342,X35x31,6
343,X68x64,10
344,X58x56,14
345,X95x51,18
346,X19x53,11
347,X52x22,5
348,X105x67,14
349,X58x64,8
350,X89x63,14
351,X81x23,10
352,X26x42,3
353,X111x73,14
354,X49x61,5
355,X103x17,11
356,X22x50,14
357,X14x50,12
2512,X37x51,10
358,X55x25,11
359,X108x64,17
360,X55x57,9
361,X92x24,12
362,X62x62,10
363,X12x50,13
364,X66x66,11
365,X71x45,14
366,X86x64,8
367,X99x21,12
368,X74x16,8
369,X109x57,13
370,X86x52,9
371,X76x38,11
372,X88x18,16
373,X107x39,14
374,X45x41,12
375,X84x20,11
376,X28x54,13
377,X100x68,12
2513,X23x41,10
378,X65x61,7
379,X85x43,13
380,X45x43,11
381,X98x18,10
382,X98x52,13
383,X65x53,8
384,X96x46,12
385,X95x71,8
386,X16x48,15
387,X86x26,14
388,X49x59,10
389,X99x49,18
390,X38x28,7
391,X25x45,8
392,X88x62,6
393,X17x59,8
394,X112x16,14
395,X42x50,5
396,X89x13,6
397,X110x36,7
398,X53x55,7
399,X113x29,8
400,X20x44,15
401,X65x35,5
402,X113x15,7
403,X97x37,12
404,X92x34,11
405,X88x30,15
406,X63x33,11
407,X31x35,7
408,X109x35,6
409,X20x46,7
410,X104x26,14
411,X104x70,12
2514,X56x64,10
2515,X115x43,10
412,X74x22,7
413,X67x41,11
414,X107x71,15
415,X77x71,11
416,X109x29,7
417,X79x25,7
418,X88x56,10
419,X98x16,14
2516,X26x58,10
420,X52x58,6
421,X47x41,6
422,X90x48,10
423,X99x55,15
424,X100x42,15
425,X93x17,11
426,X90x38,15
427,X39x25,6
428,X23x47,4
429,X112x40,13
430,X81x65,12
431,X91x57,12
432,X29x51,6
433,X111x29,10
434,X30x54,5
435,X66x24,8
436,X77x67,15
437,X102x44,12
438,X52x44,11
439,X87x35,15
440,X103x29,7
441,X109x67,13
442,X89x59,13
443,X49x45,8
444,X87x33,12
445,X96x52,13
446,X42x46,10
447,X91x61,13
448,X89x41,10
449,X95x73,9
450,X94x24,13
451,X86x62,15
2517,X12x40,10
452,X9x47,16
453,X95x17,12
454,X44x40,9
455,X80x16,11
456,X25x51,14
457,X89x15,13
458,X50x30,11
459,X65x43,10
460,X63x65,12
461,X106x68,13
462,X74x58,12
463,X102x48,13
464,X31x47,6
465,X61x47,14
466,X107x57,20
467,X50x34,11
468,X28x38,3
469,X81x35,18
470,X75x25,13
2518,X114x10,10
471,X72x50,9
472,X103x27,11
473,X108x36,7
2519,X52x46,10
474,X63x47,9
475,X77x61,10
476,X64x64,9
477,X72x56,8
478,X29x35,7
479,X115x15,4
480,X64x58,13
481,X78x40,11
482,X22x56,11
483,X82x22,11
484,X77x55,12
485,X93x47,15
486,X63x63,9
487,X105x59,16
488,X61x21,8
489,X84x58,8
490,X92x28,14
491,X45x33,3
492,X48x26,10
493,X93x27,9
494,X98x62,12
495,X114x72,5
496,X33x43,4
497,X97x25,17
498,X71x21,8
499,X64x28,12
500,X57x41,4
501,X102x38,15
502,X68x58,10
503,X74x54,11
504,X94x66,13
505,X1x49,18
506,X108x62,20
507,X11x63,4
508,X105x37,8
509,X6x56,3
510,X110x38,3
511,X92x58,12
512,X87x19,17
513,X61x35,11
514,X97x35,11
515,X40x44,7
516,X77x51,12
517,X55x31,8
518,X107x47,11
519,X33x49,4
520,X65x33,10
521,X19x61,7
522,X82x20,14
523,X36x46,4
524,X67x21,6
525,X42x44,12
526,X87x57,8
527,X15x49,12
2520,X87x23,10
528,X106x62,18
529,X59x39,7
530,X1x63,3
2521,X37x25,10
531,X27x43,7
532,X72x62,12
533,X52x50,12
534,X46x40,9
535,X14x62,5
536,X48x44,11
2522,X26x38,10
537,X47x45,10
538,X63x43,14
539,X61x23,9
540,X57x25,8
541,X105x45,10
542,X111x23,11
543,X76x52,8
544,X96x20,10
545,X98x58,11
546,X67x55,10
547,X88x70,10
548,X65x67,12
549,X108x60,14
2523,X72x16,10
550,X101x29,6
551,X57x67,18
552,X69x61,13
553,X76x26,10
554,X104x64,14
555,X44x26,9
556,X108x30,10
557,X46x22,4
558,X30x52,5
559,X88x48,15
560,X35x25,3
561,X50x44,7
2524,X11x59,10
562,X45x27,7
563,X65x25,11
564,X105x15,13
565,X91x43,11
566,X75x31,14
567,X83x19,11
568,X109x13,13
569,X71x35,11
570,X104x48,17
571,X76x60,12
572,X112x56,18
573,X7x53,17
574,X66x36,8
575,X79x19,7
576,X61x27,10
2525,X18x64,10
577,X91x45,14
578,X85x45,17
579,X112x32,18
580,X112x64,18
581,X64x66,12
582,X72x68,7
583,X22x46,8
584,X57x23,9
585,X71x47,14
586,X92x68,8
587,X59x43,7
588,X66x22,11
589,X79x23,8
590,X108x50,4
2526,X30x40,10
591,X100x22,16
592,X105x25,14
593,X71x37,14
594,X78x18,8
2527,X115x33,10
595,X53x21,8
596,X37x59,10
597,X97x67,14
598,X100x58,7
599,X68x56,12
600,X98x20,7
601,X60x46,11
602,X89x61,9
603,X0x60,10
604,X107x15,9
605,X26x36,4
606,X107x65,13
607,X110x42,13
608,X49x31,9
609,X114x20,12
610,X8x52,17
611,X99x33,15
612,X84x64,7
613,X99x51,11
614,X43x35,6
615,X102x54,13
616,X106x72,12
617,X103x35,16
618,X85x15,7
619,X109x11,13
620,X38x30,9
621,X111x31,11
2528,X35x55,10
622,X31x53,3
2529,X0x58,10
623,X84x40,12
624,X71x19,11
625,X70x70,7
626,X47x47,10
627,X40x30,9
628,X111x45,16
629,X30x56,7
630,X24x44,4
631,X53x45,8
632,X103x61,14
633,X50x20,4
634,X113x55,15
635,X79x15,4
636,X55x59,6
637,X74x46,16
638,X89x45,11
639,X38x32,6
640,X66x18,7
641,X72x54,12
642,X68x40,9
643,X100x66,14
644,X110x34,5
645,X94x40,20
646,X74x26,7
2530,X10x40,10
647,X40x54,7
648,X88x12,7
649,X82x54,15
650,X86x28,15
2531,X115x37,10
651,X65x29,6
652,X4x56,3
653,X63x37,4
654,X112x14,12
655,X50x42,6
656,X103x55,15
657,X89x33,10
658,X59x31,10
659,X60x20,11
660,X97x57,15
661,X60x62,6
662,X112x60,16
663,X114x54,7
664,X73x47,14
665,X75x57,12
666,X64x38,13
667,X90x18,8
668,X108x44,15
2532,X4x54,10
2533,X8x40,10
669,X22x60,5
670,X114x12,10
2534,X105x35,10
671,X86x20,9
2535,X39x53,10
672,X80x56,12
673,X16x50,12
674,X59x27,9
675,X104x16,14
676,X94x72,7
677,X104x52,14
678,X37x53,8
2536,X29x47,10
679,X72x20,11
680,X70x18,9
681,X84x24,11
2537,X103x43,10
682,X29x33,6
683,X72x24,6
684,X43x31,8
685,X98x42,13
686,X103x15,13
687,X37x49,4
688,X81x37,13
689,X91x55,14
690,X51x35,8
691,X107x59,11
692,X57x39,10
693,X36x56,11
694,X87x15,11
695,X74x48,11
696,X101x59,13
697,X51x65,5
698,X48x34,8
699,X85x53,16
700,X111x55,8
701,X51x53,11
702,X99x31,9
703,X50x50,9
704,X57x51,14
705,X70x26,17
706,X48x54,9
707,X102x66,15
708,X46x26,6
709,X108x22,11
2538,X17x55,10
710,X2x52,17
711,X78x28,14
712,X100x50,13
713,X74x62,12
714,X77x23,11
715,X95x15,15
716,X43x53,6
717,X59x33,13
718,X90x28,12
719,X22x48,13
720,X28x32,9
721,X60x44,8
722,X85x65,13
723,X43x39,8
724,X28x56,15
725,X73x49,9
726,X101x19,11
2539,X4x64,10
727,X102x20,12
728,X18x48,14
729,X91x25,13
730,X99x25,14
731,X3x45,11
732,X66x42,13
733,X83x25,9
734,X92x52,16
735,X51x29,7
736,X94x36,12
737,X72x58,13
738,X14x42,20
2540,X0x56,10
739,X55x61,13
740,X31x37,5
741,X63x39,9
742,X48x36,9
743,X113x37,13
744,X87x69,10
745,X42x54,6
746,X77x15,5
747,X93x65,13
2541,X31x45,10
748,X102x18,9
749,X55x43,9
2542,X24x48,10
750,X94x52,12
751,X92x54,12
752,X58x42,8
753,X100x18,13
754,X99x37,16
755,X106x40,7
756,X79x59,11
757,X69x21,9
758,X103x45,10
759,X21x43,4
760,X98x26,19
761,X101x55,10
762,X82x56,9
763,X85x21,8
764,X73x45,16
765,X7x59,6
766,X66x26,8
767,X103x69,11
768,X90x54,17
769,X111x15,12
770,X85x49,16
771,X101x71,14
772,X65x19,8
773,X52x26,9
774,X115x25,3
775,X85x25,12
776,X48x50,6
777,X48x22,9
778,X113x51,13
779,X37x31,7
780,X52x52,6
781,X62x20,6
782,X71x33,8
783,X109x69,14
784,X42x34,6
785,X84x14,6
786,X49x37,13
787,X93x19,10
788,X85x29,13
789,X49x39,9
790,X92x48,13
2543,X5x55,10
791,X40x52,5
792,X75x37,9
793,X109x41,8
794,X75x17,10
795,X27x47,8
796,X107x35,8
797,X80x72,10
2544,X21x39,10
798,X106x58,16
2545,X36x52,10
799,X84x28,13
800,X65x37,12
801,X65x63,5
2546,X21x37,10
802,X53x27,9
803,X91x27,8
804,X8x42,14
805,X86x24,7
806,X59x59,11
807,X89x73,4
808,X5x51,12
2547,X102x30,10
809,X4x60,5
810,X62x18,9
811,X103x53,15
812,X62x50,9
813,X98x38,17
814,X98x56,12
815,X53x35,6
816,X42x32,5
817,X39x33,4
818,X71x55,11
819,X88x34,15
820,X35x43,7
821,X96x68,10
822,X33x39,7
823,X3x49,14
824,X105x21,12
825,X111x53,20
826,X12x52,13
827,X82x42,15
828,X11x45,15
829,X74x20,12
830,X108x48,18
831,X67x49,13
832,X57x65,3
833,X17x53,17
834,X28x40,4
2548,X39x57,10
835,X51x23,6
836,X4x44,12
837,X106x52,14
838,X86x70,8
839,X3x47,14
840,X24x60,13
841,X106x50,10
842,X39x31,6
843,X19x41,9
2549,X24x34,10
844,X5x47,12
845,X109x63,9
846,X56x50,7
847,X18x44,5
848,X71x49,13
849,X5x61,4
850,X111x57,9
851,X26x54,16
852,X97x13,9
853,X112x46,18
854,X112x18,10
855,X101x37,12
2550,X20x38,10
856,X76x36,16
857,X107x69,14
858,X66x56,8
859,X12x54,4
860,X97x15,9
861,X7x43,14
862,X9x39,6
863,X3x63,5
864,X45x51,7
2551,X26x32,10
865,X63x45,10
866,X69x71,6
867,X99x63,11
868,X35x47,6
869,X113x27,8
870,X56x58,11
871,X111x35,9
872,X2x58,4
873,X11x47,14
874,X76x32,7
875,X86x36,14
876,X32x38,8
2552,X114x38,10
877,X42x56,17
878,X77x33,5
879,X96x60,14
880,X104x60,12
881,X27x53,8
882,X111x17,8
883,X106x24,16
884,X36x48,8
885,X88x20,12
2553,X22x40,10
886,X82x14,7
887,X68x42,13
888,X114x52,8
889,X89x49,15
890,X93x21,8
2554,X33x51,10
891,X49x27,12
892,X88x36,11
893,X11x51,14
894,X81x55,16
2555,X45x55,10
895,X10x60,11
896,X52x62,3
897,X77x19,12
898,X111x37,4
2556,X24x62,10
899,X69x29,14
900,X68x68,11
901,X92x62,9
902,X0x52,7
903,X102x28,10
904,X97x27,12
905,X33x33,7
906,X8x38,11
907,X96x62,9
908,X74x18,10
909,X95x21,10
910,X59x57,10
911,X85x41,12
912,X73x23,10
913,X26x52,14
914,X36x34,8
915,X75x15,4
916,X61x53,10
917,X85x37,14
918,X71x23,15
919,X61x45,14
920,X50x26,6
921,X113x39,12
922,X43x29,12
923,X69x59,12
924,X41x37,3
2557,X24x40,10
925,X67x29,15
926,X114x36,11
927,X62x36,7
928,X94x58,15
929,X47x61,3
930,X61x69,9
931,X15x43,17
932,X73x19,10
933,X109x55,12
934,X50x58,8
935,X95x25,14
936,X6x58,12
937,X33x41,11
938,X96x50,13
939,X49x49,8
940,X15x47,11
941,X105x19,13
942,X35x33,6
943,X22x62,3
2558,X20x62,10
944,X57x63,12
945,X95x43,14
946,X94x46,13
947,X42x36,6
948,X12x48,16
949,X0x46,17
950,X10x50,11
951,X89x23,11
952,X109x33,9
953,X61x43,13
954,X98x72,10
955,X73x29,9
956,X7x45,12
957,X88x64,15
958,X104x56,12
959,X67x17,12
960,X71x29,16
961,X78x38,13
962,X60x64,12
963,X35x45,9
964,X29x55,7
965,X85x27,7
966,X93x37,11
967,X48x40,8
968,X88x66,14
969,X50x38,10
970,X24x46,12
971,X96x22,8
972,X12x58,11
973,X62x56,9
974,X73x57,11
975,X37x27,5
976,X44x28,9
977,X87x39,13
978,X99x39,14
979,X113x25,7
980,X102x52,11
981,X89x67,15
982,X66x40,11
983,X57x27,10
984,X9x49,9
985,X80x24,10
986,X51x59,6
987,X89x65,13
988,X80x18,9
989,X83x39,15
990,X104x58,14
991,X73x43,13
992,X27x41,7
993,X96x64,13
994,X81x59,11
995,X108x16,14
996,X20x52,13
997,X24x56,16
998,X54x50,14
999,X75x21,7
1000,X97x43,13
1001,X80x28,11
1002,X84x72,5
1003,X106x18,13
1004,X51x27,8
1005,X48x38,13
1006,X101x39,14
1007,X60x38,6
1008,X37x33,6
1009,X98x48,17
1010,X47x25,8
1011,X43x59,3
1012,X30x42,5
1013,X104x66,15
1014,X85x31,4
1015,X48x58,9
1016,X45x47,3
1017,X71x71,10
1018,X6x42,11
1019,X60x54,12
1020,X67x39,9
1021,X34x30,10
1022,X80x60,12
1023,X66x52,14
1024,X108x54,16
1025,X94x32,11
1026,X59x35,12
1027,X112x28,20
1028,X105x43,15
1029,X93x59,17
1030,X110x46,16
1031,X105x47,9
1032,X65x45,12
1033,X91x49,15
1034,X59x23,8
1035,X56x32,7
1036,X55x41,11
1037,X75x69,13
1038,X86x32,16
2559,X114x56,10
1039,X1x53,10
1040,X83x43,14
1041,X92x22,12
1042,X99x11,10
1043,X80x26,15
1044,X51x63,8
1045,X82x18,9
2560,X23x35,10
2561,X36x42,10
1046,X39x49,4
1047,X99x15,7
1048,X98x30,12
1049,X98x24,12
2562,X25x39,10
1050,X68x22,10
1051,X87x67,17
1052,X54x32,9
1053,X51x47,9
1054,X111x71,13
1055,X77x65,12
2563,X96x34,10
1056,X22x54,16
1057,X76x56,11
1058,X56x40,5
1059,X83x15,9
1060,X55x63,7
1061,X90x72,4
1062,X74x40,13
1063,X31x39,5
1064,X77x43,6
1065,X101x47,11
1066,X111x65,19
1067,X40x28,11
1068,X111x49,20
1069,X87x59,6
1070,X90x14,10
1071,X1x45,13
1072,X61x65,11
1073,X20x48,8
1074,X109x19,8
1075,X77x57,13
1076,X74x44,8
1077,X101x11,8
1078,X108x26,9
1079,X66x64,12
1080,X40x34,7
1081,X92x18,8
1082,X49x35,11
1083,X41x55,6
1084,X36x36,6
1085,X62x44,10
1086,X84x26,10
1087,X1x61,6
1088,X35x37,8
1089,X94x30,13
1090,X102x58,10
2564,X36x50,10
1091,X72x44,6
1092,X34x28,11
1093,X105x27,9
1094,X101x57,13
1095,X91x31,12
1096,X24x38,5
1097,X57x35,9
1098,X25x53,14
1099,X93x29,13
1100,X42x60,14
2565,X25x31,10
1101,X63x27,13
1102,X103x33,7
1103,X74x42,11
1104,X66x34,12
1105,X101x23,16
1106,X91x51,15
1107,X104x36,6
1108,X70x58,7
1109,X81x63,14
1110,X69x37,12
1111,X38x34,8
1112,X67x53,10
1113,X68x26,13
1114,X100x26,12
1115,X4x62,6
1116,X93x53,12
1117,X69x35,3
1118,X59x63,6
1119,X104x54,15
1120,X66x30,15
2566,X17x45,10
1121,X62x52,10
1122,X101x13,14
2567,X64x70,10
1123,X82x36,12
1124,X85x63,8
1125,X102x14,11
1126,X68x62,7
1127,X75x63,18
1128,X26x40,5
1129,X5x43,18
1130,X96x24,9
1131,X106x74,11
1132,X26x50,13
1133,X78x60,9
1134,X62x22,14
1135,X23x51,12
1136,X39x43,4
1137,X59x19,7
1138,X50x62,4
1139,X109x23,11
2568,X7x55,10
1140,X59x29,8
1141,X99x23,13
1142,X68x24,12
1143,X12x60,11
1144,X64x60,5
1145,X96x72,11
1146,X81x41,11
1147,X26x56,10
2569,X18x60,10
1148,X82x70,12
1149,X104x22,17
1150,X110x24,10
1151,X17x43,5
1152,X90x66,18
1153,X68x48,7
1154,X70x32,10
1155,X21x57,3
1156,X62x32,8
1157,X100x46,16
1158,X58x54,6
1159,X69x19,9
1160,X53x47,11
1161,X106x22,14
2570,X101x31,10
1162,X111x61,11
1163,X76x50,14
1164,X70x54,9
1165,X101x61,16
1166,X77x21,6
1167,X62x40,10
1168,X93x63,12
2571,X73x71,10
1169,X90x16,12
1170,X35x49,9
1171,X75x53,10
1172,X112x20,14
1173,X53x29,7
1174,X88x50,20
1175,X13x51,16
1176,X55x49,9
2572,X26x48,10
1177,X81x17,15
1178,X107x73,10
1179,X89x37,15
1180,X96x44,17
1181,X56x54,10
1182,X84x38,17
1183,X30x44,7
1184,X79x43,7
1185,X11x53,13
1186,X99x71,14
1187,X88x42,12
1188,X97x29,12
1189,X88x46,13
1190,X51x39,8
1191,X46x56,8
1192,X83x23,12
1193,X70x42,12
1194,X89x55,12
1195,X58x48,13
1196,X56x22,5
1197,X112x70,15
1198,X3x51,13
1199,X45x31,10
1200,X78x22,10
1201,X15x63,5
2573,X102x32,10
1202,X83x61,9
1203,X11x43,15
1204,X77x59,9
1205,X18x54,11
1206,X91x73,8
1207,X60x36,10
1208,X50x56,5
1209,X88x68,10
1210,X110x50,19
1211,X45x39,13
2574,X28x46,10
1212,X47x51,4
1213,X93x39,8
1214,X98x70,9
2575,X25x43,10
1215,X100x70,11
1216,X55x45,9
1217,X57x61,6
1218,X51x21,4
1219,X66x50,10
1220,X94x22,14
1221,X80x38,12
1222,X67x23,11
1223,X73x51,13
1224,X84x50,8
1225,X87x41,14
1226,X64x44,12
1227,X66x54,13
1228,X0x44,18
1229,X94x60,17
1230,X40x32,10
2576,X7x57,10
1231,X92x40,11
1232,X20x60,10
1233,X109x27,7
1234,X51x45,7
1235,X52x60,13
1236,X103x37,12
1237,X54x56,6
2577,X21x35,10
2578,X23x33,10
1238,X110x16,15
1239,X68x18,8
1240,X52x30,6
1241,X96x18,10
1242,X53x43,12
1243,X85x67,8
1244,X50x22,10
1245,X71x57,8
1246,X67x59,9
1247,X9x41,10
1248,X79x63,13
1249,X63x19,10
1250,X114x48,8
1251,X87x31,14
2579,X66x68,10
1252,X29x59,18
1253,X69x65,10
1254,X61x61,8
1255,X60x34,14
1256,X21x55,9
1257,X35x29,6
1258,X60x66,3
1259,X58x52,11
1260,X91x37,18
1261,X47x39,10
1262,X46x36,8
1263,X92x42,11
1264,X110x18,9
1265,X42x26,5
1266,X64x42,11
1267,X69x63,10
2580,X6x40,10
1268,X91x15,10
1269,X81x43,16
1270,X69x23,12
1271,X68x34,8
1272,X55x47,13
2581,X30x28,10
1273,X100x44,15
1274,X77x25,9
1275,X54x20,8
1276,X72x30,14
1277,X100x72,12
1278,X46x44,7
1279,X110x52,12
1280,X96x70,9
1281,X8x44,14
1282,X86x42,15
2582,X22x38,10
1283,X71x65,14
1284,X50x52,7
1285,X108x58,16
1286,X80x70,12
1287,X47x31,14
1288,X20x54,20
1289,X112x38,12
2583,X22x34,10
1290,X112x50,15
1291,X52x40,13
1292,X6x38,5
1293,X74x66,8
1294,X70x52,10
1295,X100x56,14
2584,X6x64,10
1296,X54x54,5
1297,X36x38,3
1298,X51x61,6
1299,X100x30,6
1300,X32x28,8
1301,X53x23,7
1302,X43x27,3
1303,X21x49,16
1304,X78x66,13
1305,X106x38,8
1306,X111x27,5
2585,X10x56,10
1307,X96x28,12
1308,X75x59,10
1309,X80x46,21
1310,X103x67,17
1311,X111x11,16
1312,X56x28,6
1313,X57x53,10
1314,X40x38,6
1315,X28x44,3
1316,X44x34,7
1317,X74x30,12
1318,X77x45,15
1319,X76x70,10
1320,X72x52,9
1321,X80x58,15
1322,X89x53,11
1323,X107x13,13
1324,X107x51,8
1325,X93x49,12
2586,X23x61,10
1326,X83x29,15
1327,X108x20,14
2587,X31x27,10
1328,X114x40,3
1329,X23x55,11
1330,X107x63,11
1331,X27x35,7
1332,X89x27,14
1333,X67x67,16
1334,X14x48,14
1335,X64x62,10
1336,X43x49,10
1337,X71x63,14
1338,X48x56,8
1339,X58x46,11
1340,X1x47,16
1341,X83x63,11
1342,X88x44,11
1343,X3x59,3
1344,X19x51,12
1345,X89x39,10
2588,X45x45,10
1346,X97x73,9
1347,X60x48,14
2589,X3x55,10
1348,X81x39,12
1349,X91x19,12
1350,X100x34,14
1351,X89x17,10
1352,X56x30,16
1353,X60x28,10
2590,X73x39,10
1354,X95x27,13
1355,X32x50,5
1356,X47x27,5
1357,X52x36,7
1358,X98x50,8
1359,X25x61,14
1360,X13x41,12
1361,X68x28,11
1362,X72x38,9
1363,X6x52,16
1364,X56x62,16
1365,X70x44,8
1366,X38x36,5
2591,X33x57,10
1367,X113x19,12
1368,X81x67,9
2592,X14x58,10
1369,X57x37,11
1370,X75x43,13
1371,X21x51,11
1372,X43x41,7
1373,X93x55,14
1374,X39x41,6
1375,X67x25,8
1376,X76x16,9
1377,X71x41,11
1378,X80x66,14
1379,X82x48,16
1380,X67x57,9
1381,X41x35,8
2593,X5x41,10
2594,X16x46,10
1382,X106x46,9
1383,X92x14,10
1384,X29x43,7
1385,X113x43,16
1386,X36x44,7
1387,X105x11,4
2595,X2x54,10
1388,X42x24,6
1389,X114x46,18
1390,X10x58,9
1391,X94x56,10
1392,X103x73,12
1393,X76x72,6
2596,X39x55,10
1394,X106x64,8
1395,X68x66,13
1396,X103x39,13
1397,X85x51,17
1398,X61x37,6
1399,X42x38,3
1400,X113x35,3
1401,X113x13,8
2597,X87x71,10
1402,X15x53,12
1403,X37x35,8
1404,X94x18,11
1405,X83x59,13
1406,X59x37,8
1407,X103x49,16
1408,X90x30,9
1409,X95x67,10
1410,X3x41,3
1411,X108x28,8
1412,X4x50,16
2598,X21x41,10
1413,X111x33,12
1414,X106x26,14
1415,X10x46,16
1416,X103x25,14
1417,X39x45,7
1418,X95x59,13
1419,X89x21,7
1420,X90x22,7
1421,X47x53,5
1422,X110x32,4
1423,X13x55,4
1424,X25x49,9
1425,X10x62,7
1426,X63x53,14
1427,X41x49,8
1428,X79x27,11
1429,X16x54,10
1430,X74x68,11
1431,X45x35,6
1432,X61x41,10
1433,X40x36,3
1434,X59x41,11
2599,X115x39,10
1435,X82x68,11
1436,X91x29,14
2600,X114x18,10
1437,X95x41,16
1438,X98x60,15
1439,X75x55,6
1440,X10x64,4
1441,X100x54,15
1442,X82x44,16
1443,X84x66,14
1444,X61x31,9
1445,X107x37,12
1446,X54x48,11
1447,X113x21,10
1448,X107x33,15
1449,X109x37,3
1450,X47x37,11
1451,X63x35,13
1452,X77x37,14
1453,X28x58,3
1454,X100x40,12
1455,X95x29,7
1456,X65x41,11
1457,X110x48,15
1458,X60x68,10
1459,X83x57,10
2601,X70x34,10
1460,X47x43,10
1461,X87x17,11
1462,X94x28,15
1463,X89x57,14
2602,X43x51,10
1464,X33x55,3
1465,X78x46,13
1466,X110x74,6
1467,X27x59,12
1468,X38x38,6
1469,X78x70,12
1470,X51x55,8
1471,X82x72,8
1472,X94x20,7
1473,X49x47,8
1474,X102x34,13
1475,X65x17,6
1476,X62x54,14
1477,X41x39,7
1478,X95x35,11
1479,X103x19,11
1480,X88x58,9
1481,X108x74,5
1482,X80x34,12
1483,X47x21,3
1484,X104x62,15
2603,X14x40,10
1485,X69x43,10
1486,X94x50,18
1487,X104x42,15
1488,X96x56,12
1489,X101x15,9
1490,X44x52,5
1491,X84x54,6
1492,X65x39,14
1493,X88x52,14
1494,X78x54,12
1495,X2x44,9
1496,X35x53,6
1497,X58x62,9
1498,X93x13,14
1499,X109x43,21
1500,X112x42,11
1501,X32x56,3
1502,X99x41,13
1503,X84x22,9
1504,X58x24,10
1505,X40x26,5
1506,X58x26,8
1507,X54x64,9
2604,X23x59,10
1508,X64x40,13
1509,X73x41,12
1510,X56x56,9
1511,X75x51,11
1512,X63x31,12
1513,X106x14,10
1514,X31x31,7
1515,X64x54,10
1516,X117x11,3
2605,X14x60,10
1517,X38x46,10
1518,X95x39,7
1519,X84x42,9
2606,X112x36,10
1520,X89x35,14
1521,X102x74,12
1522,X77x29,12
1523,X113x73,11
1524,X97x31,16
1525,X95x33,12
1526,X106x20,10
1527,X102x60,16
1528,X90x20,13
1529,X47x49,9
1530,X21x59,8
1531,X110x60,13
1532,X82x32,13
1533,X102x70,9
1534,X111x47,9
1535,X67x51,8
1536,X109x17,12
1537,X30x58,4
1538,X116x14,5
1539,X83x71,8
1540,X41x23,8
1541,X8x50,10
1542,X67x43,11
1543,X103x57,11
1544,X82x26,11
1545,X69x67,13
1546,X78x32,11
1547,X112x68,15
1548,X1x43,10
1549,X101x17,7
1550,X82x34,15
1551,X17x51,10
1552,X94x42,14
1553,X45x37,6
1554,X98x68,13
1555,X91x35,18
1556,X75x71,7
1557,X81x19,8
1558,X84x60,15
1559,X83x31,10
2607,X34x54,10
1560,X53x41,8
1561,X61x67,3
1562,X69x45,11
1563,X70x30,16
1564,X112x72,12
1565,X46x34,5
1566,X110x70,9
1567,X103x51,12
1568,X100x14,10
1569,X32x34,5
1570,X83x17,11
2608,X98x74,10
1571,X74x70,7
2609,X23x37,10
1572,X79x65,18
1573,X45x59,8
1574,X113x59,8
1575,X87x43,9
1576,X7x51,12
1577,X27x37,3
1578,X54x42,9
1579,X86x58,8
1580,X59x47,12
1581,X71x67,13
1582,X46x32,10
1583,X69x31,10
1584,X82x64,8
1585,X33x31,8
1586,X99x19,16
1587,X113x11,8
1588,X41x33,6
1589,X93x31,13
1590,X72x26,10
1591,X79x49,10
1592,X62x60,10
1593,X108x70,11
2610,X37x39,10
1594,X76x64,15
1595,X87x63,11
1596,X107x19,10
2611,X19x57,10
1597,X53x57,8
1598,X60x32,10
1599,X64x32,11
1600,X86x68,8
1601,X51x37,11
1602,X75x33,4
2612,X43x47,10
1603,X90x42,19
1604,X19x55,9
1605,X3x61,10
1606,X4x48,11
1607,X60x58,9
1608,X79x69,13
1609,X52x42,10
1610,X84x36,15
1611,X9x45,15
1612,X58x28,11
2613,X45x49,10
1613,X37x43,6
1614,X54x24,6
1615,X50x48,10
1616,X84x16,9
1617,X81x61,10
1618,X6x50,10
2614,X51x57,10
1619,X89x25,12
1620,X69x33,11
1621,X51x31,5
1622,X39x37,6
2615,X28x28,10
2616,X15x55,10
1623,X47x35,6
1624,X55x65,12
1625,X107x25,10
2617,X113x63,10
1626,X56x46,10
1627,X112x30,9
1628,X50x54,7
1629,X107x43,19
1630,X27x57,4
1631,X54x40,12
1632,X105x29,7
1633,X112x66,15
1634,X71x53,15
1635,X53x53,11
1636,X72x34,6
2618,X114x34,10
1637,X53x33,6
1638,X105x53,11
1639,X62x48,12
1640,X97x23,18
1641,X84x32,15
1642,X52x56,7
1643,X19x49,17
1644,X101x63,11
2619,X34x52,10
1645,X80x30,13
1646,X65x65,11
1647,X37x47,10
1648,X79x37,14
2620,X104x12,10
1649,X46x42,9
1650,X85x55,10
1651,X65x69,5
1652,X33x45,6
1653,X87x47,12
1654,X36x28,8
1655,X7x39,7
1656,X105x39,12
2621,X116x26,10
1657,X73x25,13
1658,X102x46,15
1659,X91x33,12
1660,X112x12,11
1661,X105x61,14
1662,X110x56,14
1663,X63x23,8
1664,X82x40,11
2622,X36x26,10
2623,X103x31,10
1665,X44x50,6
1666,X64x36,5
1667,X83x37,13
1668,X57x21,10
1669,X72x46,9
1670,X107x11,8
1671,X68x44,11
1672,X55x27,8
2624,X28x36,10
1673,X102x26,14
1674,X81x33,15
1675,X67x63,10
1676,X31x51,4
1677,X70x50,13
1678,X69x39,12
1679,X89x31,9
1680,X79x17,13
1681,X81x49,7
1682,X77x63,13
1683,X113x69,12
1684,X58x20,7
1685,X97x55,8
1686,X92x64,12
2625,X22x58,10
1687,X66x46,11
1688,X22x52,14
1689,X92x38,10
1690,X38x48,8
2626,X18x56,10
1691,X103x65,14
1692,X77x39,9
1693,X32x30,11
1694,X61x29,9
1695,X98x64,15
1696,X62x26,9
1697,X67x37,7
1698,X53x65,12
1699,X106x42,16
1700,X73x33,3
1701,X2x42,5
1702,X82x58,8
1703,X88x54,11
1704,X52x28,10
1705,X71x69,17
1706,X91x53,17
2627,X6x54,10
1707,X43x57,12
1708,X75x39,12
1709,X115x13,17
1710,X36x32,4
1711,X77x17,11
1712,X4x40,3
1713,X65x59,13
1714,X62x46,14
1715,X9x37,5
1716,X95x19,11
1717,X110x28,11
1718,X76x46,12
1719,X92x66,15
1720,X42x40,5
1721,X105x65,15
1722,X90x50,13
1723,X66x60,11
1724,X110x72,13
1725,X13x59,4
1726,X111x25,4
1727,X80x20,13
1728,X44x46,12
2628,X114x74,10
1729,X112x44,18
1730,X88x24,8
1731,X104x30,8
1732,X103x21,10
1733,X107x21,10
1734,X7x49,12
1735,X74x64,15
1736,X91x39,16
2629,X114x32,10
1737,X75x65,12
1738,X50x46,8
1739,X25x33,4
1740,X77x41,11
1741,X87x13,8
1742,X113x71,14
1743,X56x52,12
1744,X97x47,18
1745,X57x45,11
1746,X84x62,15
1747,X96x12,6
1748,X40x48,11
1749,X54x66,8
1750,X71x17,10
1751,X34x42,4
1752,X85x39,16
1753,X44x44,8
1754,X89x69,15
1755,X43x45,14
1756,X100x36,10
1757,X56x20,6
1758,X83x41,14
1759,X52x34,5
1760,X81x15,13
1761,X29x45,3
1762,X64x56,11
1763,X16x58,9
2630,X38x54,10
1764,X20x50,14
2631,X20x40,10
1765,X92x70,12
1766,X15x45,3
1767,X39x29,6
1768,X2x50,14
1769,X41x57,12
1770,X79x45,12
1771,X105x31,13
1772,X32x42,4
1773,X78x26,13
1774,X76x58,10
1775,X76x54,12
1776,X83x33,17
1777,X75x41,12
1778,X83x49,16
1779,X73x55,6
1780,X111x43,12
1781,X71x61,10
1782,X33x37,6
1783,X67x47,15
1784,X51x43,7
1785,X75x67,7
1786,X110x30,17
1787,X14x54,11
1788,X107x53,18
1789,X115x23,6
1790,X56x48,14
1791,X103x71,11
1792,X34x32,8
1793,X105x33,5
1794,X53x37,13
1795,X109x53,13
1796,X110x44,10
1797,X108x32,8
1798,X89x51,14
1799,X40x42,3
1800,X78x52,11
1801,X48x24,7
2632,X116x20,10
1802,X96x16,14
1803,X88x32,14
1804,X50x36,7
1805,X63x55,10
1806,X64x48,12
1807,X109x61,15
2633,X27x39,10
1808,X49x25,8
1809,X93x69,5
1810,X72x40,10
1811,X58x30,14
1812,X80x42,11
1813,X65x51,8
1814,X91x63,13
1815,X59x53,7
1816,X3x53,17
2634,X36x54,10
1817,X49x63,11
1818,X88x28,15
1819,X97x17,15
1820,X103x11,7
1821,X70x38,11
1822,X25x55,12
1823,X101x33,10
1824,X106x60,14
2635,X107x29,10
1825,X49x43,13
1826,X19x63,5
1827,X114x14,15
1828,X71x25,12
1829,X49x57,10
1830,X70x62,11
1831,X97x45,14
1832,X95x57,8
1833,X40x46,7
2636,X32x54,10
1834,X95x53,16
1835,X91x17,11
1836,X64x20,12
1837,X77x69,11
1838,X38x50,4
2637,X21x61,10
1839,X83x27,10
1840,X93x25,11
1841,X102x62,14
1842,X108x42,14
1843,X105x17,15
1844,X0x40,13
2638,X111x75,10
1845,X49x41,6
1846,X94x68,13
1847,X27x31,7
2639,X74x72,10
1848,X91x71,4
1849,X85x59,8
1850,X60x40,9
1851,X14x44,13
1852,X55x39,10
1853,X61x59,6
1854,X83x55,8
1855,X51x49,6
1856,X93x67,12
1857,X97x33,18
1858,X65x47,14
1859,X34x44,8
1860,X57x59,8
1861,X69x51,14
1862,X62x58,9
1863,X2x40,8
1864,X50x60,6
1865,X29x49,8
1866,X53x31,9
1867,X54x46,12
1868,X66x44,7
1869,X39x35,6
1870,X35x35,3
1871,X51x41,7
1872,X58x40,7
1873,X34x56,4
1874,X59x55,11
2640,X104x34,10
1875,X113x61,5
1876,X73x69,8
1877,X83x21,8
1878,X88x72,6
1879,X103x63,14
1880,X81x69,10
1881,X32x40,5
2641,X85x71,10
1882,X47x57,9
1883,X86x72,12
1884,X81x21,10
1885,X111x59,12
1886,X46x58,6
1887,X44x56,8
1888,X6x60,7
1889,X102x22,14
1890,X25x35,5
1891,X108x66,17
1892,X87x37,13
1893,X96x30,9
2642,X19x47,10
1894,X81x31,9
1895,X100x62,15
1896,X73x63,10
1897,X90x32,16
1898,X104x38,13
2643,X26x44,10
1899,X96x54,11
1900,X55x29,11
1901,X53x49,10
1902,X97x59,11
1903,X93x73,12
1904,X98x66,17
1905,X89x43,10
1906,X85x33,15
1907,X109x45,20
1908,X77x53,13
1909,X68x38,12
1910,X57x29,10
1911,X51x51,11
1912,X48x60,12
1913,X58x50,10
1914,X10x42,16
2644,X115x73,10
1915,X85x23,8
1916,X110x66,15
2645,X11x55,10
1917,X99x65,13
1918,X96x36,13
1919,X54x22,7
1920,X100x32,4
1921,X79x61,4
1922,X33x29,6
1923,X86x40,14
1924,X60x60,8
1925,X67x35,7
1926,X13x63,3
1927,X43x61,6
1928,X53x39,8
1929,X96x48,17
1930,X34x40,6
1931,X103x23,10
1932,X52x32,7
1933,X60x50,8
1934,X68x60,7
1935,X102x40,7
1936,X7x47,11
1937,X28x60,10
1938,X98x36,12
1939,X107x17,14
1940,X100x24,12
1941,X99x17,9
2646,X8x54,10
1942,X79x55,8
1943,X17x61,8
1944,X53x59,9
1945,X88x22,9
1946,X49x23,7
1947,X60x42,15
2647,X8x64,10
2648,X16x56,10
1948,X99x67,18
1949,X0x48,13
1950,X112x26,9
1951,X90x58,12
1952,X61x25,10
1953,X54x26,9
2649,X30x30,10
1954,X56x36,13
1955,X58x32,14
1956,X58x36,11
1957,X105x41,12
1958,X7x61,7
1959,X92x20,9
1960,X82x30,13
1961,X10x54,3
1962,X45x57,15
1963,X96x38,15
1964,X17x57,5
1965,X74x34,10
1966,X57x49,13
1967,X86x54,16
1968,X32x48,8
1969,X64x34,9
1970,X113x67,15
1971,X58x18,8
1972,X78x16,8
1973,X46x24,8
1974,X60x24,9
1975,X65x31,12
1976,X5x49,12
1977,X78x68,13
1978,X70x60,12
1979,X29x53,5
1980,X44x58,6
2650,X16x44,10
1981,X51x25,5
1982,X56x42,9
2651,X31x49,10
2652,X23x39,10
1983,X108x56,17
1984,X108x34,5
2653,X114x58,10
1985,X103x47,16
1986,X61x63,6
1987,X104x74,9
1988,X95x61,14
1989,X49x51,6
1990,X49x55,8
1991,X79x47,11
1992,X48x32,4
1993,X59x45,13
1994,X92x30,8
1995,X28x52,7
1996,X49x33,6
1997,X45x23,11
1998,X62x38,11
1999,X95x13,11
2000,X104x72,12
2001,X93x15,11
2002,X106x30,6
2003,X72x48,17
2004,X73x31,14
2005,X105x63,13
2006,X2x62,6
2007,X72x28,15
2008,X42x30,7
2009,X34x26,9
2654,X48x46,10
2010,X36x58,13
2011,X62x64,10
2012,X90x68,11
2013,X84x70,9
2655,X29x57,10
2014,X84x18,10
2015,X99x35,14
2016,X110x54,13
2017,X91x67,11
2018,X40x40,8
2019,X79x67,12
2020,X53x63,6
2021,X36x30,6
2656,X67x69,10
2022,X108x72,12
2023,X53x61,10
2024,X79x31,12
2025,X70x40,12
2026,X114x24,15
2027,X57x31,11
2028,X63x61,6
2657,X14x64,10
2029,X110x22,12
2030,X60x26,9
2031,X107x31,5
2032,X56x34,13
2033,X48x30,13
2034,X69x27,8
2035,X34x34,10
2036,X75x23,8
2658,X115x29,10
2037,X80x44,14
2038,X114x28,7
2659,X18x58,10
2660,X27x33,10
2039,X86x18,12
2040,X110x14,12
2041,X113x31,7
2042,X64x18,6
2043,X76x22,10
2044,X53x25,11
2045,X32x32,4
2046,X74x56,16
2047,X84x34,16
2048,X99x53,14
2049,X81x47,14
2050,X64x50,14
2051,X108x14,8
2052,X98x28,13
2053,X96x66,20
2054,X53x51,12
2055,X100x52,10
2056,X89x29,11
2057,X84x68,14
2058,X70x56,11
2059,X46x62,8
2060,X84x46,13
2061,X41x41,6
2062,X21x47,3
2063,X76x40,10
2064,X32x26,6
2065,X90x12,8
2661,X30x38,10
2066,X106x12,12
2067,X95x49,12
2662,X1x41,10
2068,X69x69,6
2069,X92x56,17
2070,X62x30,7
2071,X45x29,12
2072,X99x45,12
2073,X32x58,11
2663,X15x57,10
2074,X55x37,10
2664,X2x56,10
2075,X75x47,12
2076,X80x50,10
2077,X111x63,11
2078,X37x45,3
2079,X86x66,19
2080,X6x46,13
2081,X61x19,6
2082,X99x57,11
2083,X29x31,4
2084,X89x19,10
2085,X73x65,9
2086,X63x29,8
2087,X108x24,15
2088,X80x68,13
2089,X74x28,15
2090,X87x25,9
2091,X28x30,3
2092,X79x33,12
2093,X23x45,15
2094,X74x32,13
2095,X105x49,16
2096,X13x49,14
2097,X96x58,13
2098,X109x31,12
2099,X71x59,8
2100,X88x40,13
2101,X23x57,3
2102,X109x15,14
2103,X77x27,6
2104,X106x16,14
2105,X56x68,4
2106,X25x37,4
2107,X38x56,13
2108,X83x53,11
2109,X77x47,12
2665,X23x43,10
2110,X105x57,18
2111,X54x52,10
2666,X46x54,10
2112,X94x70,8
2113,X10x52,15
2667,X112x74,10
2114,X25x57,5
2115,X106x56,12
2116,X113x75,9
2117,X67x27,8
2118,X30x46,6
2119,X43x23,7
2120,X66x48,13
2121,X99x29,9
2122,X98x44,16
2123,X54x34,11
2124,X109x65,20
2125,X64x22,8
2126,X94x64,9
2127,X15x41,8
2128,X89x71,6
2129,X87x49,15
2130,X78x20,9
2131,X93x61,11
2132,X80x54,13
2133,X94x12,15
2134,X113x45,14
2135,X112x52,16
2136,X5x45,12
2137,X52x20,6
2138,X95x47,15
2139,X84x56,9
2140,X94x34,10
2141,X112x54,16
2142,X83x51,14
2143,X99x61,10
2144,X79x41,15
2145,X98x40,11
2146,X36x40,6
2147,X80x32,15
2148,X35x51,3
2149,X91x21,11
2150,X93x45,12
2151,X108x40,12
2152,X99x43,16
2153,X96x32,15
2154,X71x39,3
2155,X66x32,10
2156,X107x45,15
2157,X68x32,7
2158,X67x65,11
2159,X65x21,8
2160,X98x34,15
2161,X114x50,4
2162,X83x35,17
2163,X1x39,7
2164,X82x66,13
2165,X114x16,17
2166,X109x47,14
2167,X4x42,9
2168,X102x16,13
2668,X9x55,10
2169,X2x38,4
2170,X101x35,15
2171,X63x69,13
2172,X62x66,9
2173,X47x33,4
2174,X22x44,5
2175,X95x37,14
2176,X68x46,11
2177,X16x62,3
2178,X5x39,17
2179,X91x41,17
2180,X94x16,14
2181,X38x42,4
2182,X65x55,9
2183,X85x19,8
2184,X58x58,8
2669,X8x56,10
2185,X57x47,9
2186,X41x45,10
2187,X84x30,17
2188,X105x73,12
2189,X112x48,18
2190,X43x55,11
2670,X24x42,10
2191,X107x27,9
2192,X54x28,9
2193,X100x16,13
2194,X92x72,8
2195,X50x28,12
2196,X114x30,8
2197,X103x59,14
2198,X111x13,8
2199,X8x48,10
2200,X50x64,10
2201,X41x31,6
2202,X44x48,6
2203,X34x38,6
2204,X90x60,11
2205,X91x69,12
2206,X60x30,8
2207,X90x62,11
2208,X104x14,14
2209,X100x12,13
2671,X22x42,10
2210,X46x38,10
2672,X18x42,10
2211,X16x42,9
2212,X74x24,12
2213,X90x40,12
2214,X85x35,13
2215,X67x19,9
2216,X81x29,9
2217,X19x43,5
2218,X52x54,8
2219,X3x43,11
2220,X76x20,13
2221,X71x51,11
2222,X87x21,8
2223,X78x72,8
2224,X75x45,11
2225,X63x57,12
2226,X67x71,4
2227,X1x57,4
2228,X105x55,11
2229,X70x20,5
2230,X82x52,11
2231,X13x45,15
2673,X46x46,10
2232,X40x50,6
2233,X115x11,8
2234,X102x12,14
2235,X67x31,15
2236,X41x27,4
2237,X76x68,4
2238,X70x22,6
2239,X43x43,8
2240,X101x67,14
2241,X21x53,11
2242,X76x42,11
2243,X90x52,13
2244,X95x45,8
2245,X61x57,9
2246,X72x66,12
2247,X70x64,11
2248,X66x38,11
2249,X66x62,7
2250,X102x24,16
2251,X35x39,3
2252,X68x20,11
2253,X107x23,16
2254,X80x62,11
2674,X20x58,10
2255,X73x37,13
2256,X41x29,8
2257,X78x50,12
2258,X86x22,8
2259,X56x66,7
2260,X106x54,10
2261,X58x44,11
2262,X61x39,10
2263,X12x56,3
2264,X76x28,9
2265,X11x49,14
2266,X38x26,9
2267,X47x55,7
2268,X55x51,11
2269,X100x64,17
2270,X82x60,8
2271,X12x42,15
2675,X1x55,10
2676,X116x16,10
2272,X98x12,5
2273,X108x46,11
2274,X72x18,8
2275,X89x47,14
2276,X62x68,13
2277,X85x69,9
2278,X112x10,20
2279,X102x68,11
2280,X11x41,12
2281,X100x48,13
2282,X74x52,13
2283,X7x41,10
2284,X29x37,3
2677,X8x60,10
2285,X114x26,18
2286,X74x50,10
2287,X55x23,9
2288,X112x24,8
2289,X91x59,12
2290,X58x38,9
2291,X114x70,9
2292,X81x71,9
2293,X112x62,16
2294,X86x34,10
2295,X33x35,5
2296,X79x29,14
2297,X110x10,15
2298,X93x43,14
2299,X109x21,11
2300,X101x65,18
2301,X30x34,6
2678,X15x61,10
2302,X73x21,11
2303,X110x68,12
2304,X63x59,12
2305,X0x54,6
2306,X97x53,16
2307,X87x29,18
2308,X59x65,6
2679,X0x42,10
2309,X2x48,11
2310,X86x44,12
2311,X44x36,7
2680,X66x70,10
2312,X61x49,11
2313,X43x33,11
2314,X82x24,15
2681,X7x63,10
2682,X115x49,10
2315,X95x31,11
2316,X105x69,13
2317,X55x19,4
2318,X114x22,17
2319,X26x46,12
2320,X101x43,16
2321,X44x30,8
2683,X25x59,10
2322,X90x64,14
2323,X76x18,10
2324,X68x30,11
2325,X76x62,11
2326,X69x17,8
2327,X52x24,6
2328,X110x62,12
2329,X96x26,14
2330,X103x41,14
2331,X28x34,3
2332,X85x17,11
2333,X58x60,9
2334,X93x33,12
2335,X78x48,17
2336,X78x34,13
2337,X31x43,7
2338,X54x44,7
2684,X115x19,10
2339,X64x52,8
2340,X45x61,11
2341,X86x16,15
2342,X80x48,15
2343,X0x50,16
2344,X86x46,12
2345,X98x22,11
2346,X94x38,11
2347,X94x62,14
2348,X26x34,4
2349,X91x47,16
2350,X112x22,13
2351,X73x61,12
2352,X74x38,16
2353,X64x26,8
2354,X87x51,14
2355,X18x52,17
2356,X8x46,14
2357,X60x22,6
2358,X63x41,12
2359,X35x27,7
2360,X82x38,11
2361,X70x46,8
2362,X75x35,16
2363,X86x38,12
2364,X54x38,11
2365,X69x55,10
2366,X85x47,11
2367,X95x55,6
2685,X16x40,10
2368,X75x19,11
2369,X95x23,11
2370,X46x48,7
2371,X46x50,8
2372,X111x39,11
2373,X99x13,13
2374,X107x61,14
2375,X12x46,16
2376,X101x21,13
2377,X64x46,11
2378,X44x54,5
2379,X110x12,6
2380,X87x45,10
2381,X49x21,5
2382,X86x50,14
2383,X68x52,11
2384,X44x24,7
2385,X45x25,3
2386,X59x61,6
2686,X9x57,10
2387,X47x59,6
2388,X100x20,6
2389,X88x16,11
2390,X72x36,13
2687,X37x55,10
2688,X63x67,10
2391,X29x29,5
2392,X105x23,13
2393,X90x34,11
2394,X46x60,4
2689,X44x22,10
2395,X55x67,10
2396,X8x62,5
2397,X84x52,10
2398,X69x49,12
2399,X80x40,10
2400,X106x28,10
2401,X101x49,15
2402,X41x47,10
2403,X110x40,9
2404,X32x52,3
2405,X79x21,10
2406,X104x24,17
2407,X103x13,9
2408,X88x60,13
2409,X50x32,11
2410,X12x62,5
2411,X76x34,16
2412,X10x48,19
2413,X97x39,15
2414,X99x47,12
2415,X32x44,11
2416,X80x64,12
2417,X78x24,16
2690,X34x50,10
2418,X101x41,14
2419,X41x43,4
2420,X104x46,15
2421,X87x55,12
2422,X38x44,6
2691,X115x27,10
2423,X47x29,10
2424,X90x24,7
2425,X34x48,6
2692,X33x27,10
2693,X68x70,10
2426,X57x43,9
2427,X59x21,8
2428,X35x41,8
2429,X114x44,7
2430,X24x54,11
2431,X34x36,8
2694,X18x62,10
2432,X78x62,11
2433,X104x68,11
2434,X101x69,7
2435,X45x53,6
2436,X41x51,8
2437,X96x14,12
2438,X83x69,8
2439,X107x67,11
2440,X72x22,9
2441,X57x19,7
2442,X57x33,9
2443,X24x50,15
2444,X29x41,3
2445,X105x51,15
2446,X86x56,14
2447,X52x48,12
2448,X82x16,11
2449,X113x65,10
2695,X64x68,10
2450,X70x28,12
2451,X109x51,13
2452,X76x30,13
2453,X48x48,9
2454,X23x53,16
2455,X32x46,5
2456,X81x27,8
2457,X55x35,11
2458,X1x51,15
2459,X5x53,14
2460,X58x22,6
2461,X90x56,11
2462,X13x43,11
2463,X111x69,17
2464,X74x60,10
2465,X2x60,6
2466,X60x18,5
2467,X28x50,3
2468,X95x63,17
2469,X60x56,12
2470,X59x51,12
2471,X64x24,7
2472,X77x31,14
2473,X42x58,3
2696,X27x45,10
